<?xml version="1.0" encoding="utf-8"?>
<manifest xmlns:android="http://schemas.android.com/apk/res/android"
    package="cilok.com.lapakjahit">

    <uses-permission android:name="android.permission.INTERNET" />

    <application
        android:name=".application.MyApplication"
        android:allowBackup="true"
        android:icon="@mipmap/ic_launcher"
        android:label="@string/app_name"
        android:roundIcon="@mipmap/ic_launcher_round"
        android:supportsRtl="true"
        android:theme="@style/AppTheme">
        <activity
            android:name=".MainActivity"
            android:theme="@style/AppTheme.TransNav">

        </activity>
        <activity
            android:name=".ShoppingCartActivity"
            android:label="@string/title_activity_shopping_cart"
            android:theme="@style/AppTheme">
            <meta-data
                android:name="android.support.PARENT_ACTIVITY"
                android:value="cilok.com.lapakjahit.activities.MainActivity" />
        </activity>
        <activity android:name=".SplashScreenActivity" />
        <activity android:name=".FashionPriaActivity">
            <meta-data
                android:name="android.support.PARENT_ACTIVITY"
                android:value="cilok.com.lapakjahit.activities.MainActivity" />
        </activity>
        <activity android:name=".FashionWanitaActivity">
            <meta-data
                android:name="android.support.PARENT_ACTIVITY"
                android:value="cilok.com.lapakjahit.activities.MainActivity" />
        </activity>
<<<<<<< HEAD
        <activity android:name=".LoginActivity" />
        <activity android:name=".PreLoginSignUpActivity" />
<<<<<<< HEAD
        <activity android:name=".ProfileActivity">

        </activity>
=======
        <activity android:name=".ProfileActivity"></activity>
=======
        <activity android:name=".LoginActivity"></activity>
        <activity android:name=".PreLoginSignUpActivity">
            <intent-filter>
                <action android:name="android.intent.action.MAIN" />

                <category android:name="android.intent.category.LAUNCHER" />
            </intent-filter>
        </activity>
>>>>>>> 1e0dbd42a0691d0c96c2628bd3d3f4e9ab7b6b31
>>>>>>> c8b05369e4c42f5fc5b297ea8000247231d9b7bd
    </application>

</manifest>